35	4
0	0	0.00512820512821	0.0205128205128	0.133333333333	1.0	
0	1	0.0142180094787	0.0284360189573	0.14691943128	1.0	
0	2	0.00549450549451	0.021978021978	0.131868131868	1.0	
0	3	0.0164835164835	0.0494505494505	0.175824175824	1.0	
0	4	0.0251572327044	0.0566037735849	0.201257861635	1.0	
0	5	0.0129032258065	0.122580645161	0.258064516129	1.0	
0	6	0.0110497237569	0.165745856354	0.359116022099	1.0	
0	7	0.0171428571429	0.228571428571	0.405714285714	1.0	
0	8	0.0116959064327	0.263157894737	0.561403508772	1.0	
0	9	0.0127388535032	0.363057324841	0.573248407643	1.0	
0	10	0.0357142857143	0.492857142857	0.678571428571	1.0	
0	11	0.0	0.525925925926	0.703703703704	1.0	
0	12	0.0299401197605	0.712574850299	0.874251497006	1.0	
0	13	0.0123456790123	0.722222222222	0.851851851852	1.0	
0	14	0.0110497237569	0.845303867403	0.939226519337	1.0	
0	15	0.0	0.869281045752	0.941176470588	1.0	
0	16	0.0225988700565	0.920903954802	0.960451977401	1.0	
0	17	0.00537634408602	0.935483870968	0.962365591398	1.0	
0	18	0.0248447204969	0.925465838509	0.95652173913	1.0	
0	19	0.00546448087432	0.879781420765	0.939890710383	1.0	
0	20	0.0284090909091	0.869318181818	0.926136363636	1.0	
0	21	0.0253164556962	0.784810126582	0.905063291139	1.0	
0	22	0.0120481927711	0.765060240964	0.89156626506	1.0	
0	23	0.027027027027	0.628378378378	0.763513513514	1.0	
0	24	0.0175438596491	0.561403508772	0.760233918129	1.0	
0	25	0.0186335403727	0.459627329193	0.633540372671	1.0	
0	26	0.0172413793103	0.304597701149	0.540229885057	1.0	
0	27	0.046357615894	0.324503311258	0.46357615894	1.0	
0	28	0.0172413793103	0.120689655172	0.350574712644	1.0	
0	29	0.00584795321637	0.134502923977	0.333333333333	1.0	
0	30	0.0217391304348	0.0923913043478	0.271739130435	1.0	
0	31	0.00588235294118	0.0529411764706	0.152941176471	1.0	
0	32	0.0103626943005	0.0466321243523	0.155440414508	1.0	
0	33	0.0	0.0154639175258	0.0927835051546	1.0	
0	34	0.0	0.0154639175258	0.0927835051546	1.0	
1	0	0.00529100529101	0.015873015873	0.121693121693	1.0	
1	1	0.0059880239521	0.0179640718563	0.11377245509	1.0	
1	2	0.00512820512821	0.0205128205128	0.0974358974359	1.0	
1	3	0.00558659217877	0.0335195530726	0.201117318436	1.0	
1	4	0.0	0.0496894409938	0.285714285714	1.0	
1	5	0.0124223602484	0.111801242236	0.310559006211	1.0	
1	6	0.013698630137	0.164383561644	0.417808219178	1.0	
1	7	0.032967032967	0.247252747253	0.461538461538	1.0	
1	8	0.026455026455	0.328042328042	0.566137566138	1.0	
1	9	0.03125	0.40625	0.61875	1.0	
1	10	0.0254777070064	0.464968152866	0.668789808917	1.0	
1	11	0.05	0.625	0.79375	1.0	
1	12	0.0363636363636	0.709090909091	0.860606060606	1.0	
1	13	0.0285714285714	0.811428571429	0.902857142857	1.0	
1	14	0.0176470588235	0.811764705882	0.935294117647	1.0	
1	15	0.025641025641	0.878205128205	0.929487179487	1.0	
1	16	0.0188679245283	0.899371069182	0.962264150943	1.0	
1	17	0.0128205128205	0.916666666667	0.961538461538	1.0	
1	18	0.00574712643678	0.936781609195	0.971264367816	1.0	
1	19	0.027027027027	0.875675675676	0.940540540541	1.0	
1	20	0.0131578947368	0.828947368421	0.914473684211	1.0	
1	21	0.0188679245283	0.786163522013	0.874213836478	1.0	
1	22	0.0192307692308	0.692307692308	0.865384615385	1.0	
1	23	0.0180722891566	0.55421686747	0.777108433735	1.0	
1	24	0.0196078431373	0.457516339869	0.686274509804	1.0	
1	25	0.041095890411	0.472602739726	0.671232876712	1.0	
1	26	0.0253164556962	0.322784810127	0.525316455696	1.0	
1	27	0.030303030303	0.218181818182	0.442424242424	1.0	
1	28	0.0331125827815	0.198675496689	0.397350993377	1.0	
1	29	0.0197368421053	0.0921052631579	0.296052631579	1.0	
1	30	0.0062893081761	0.0691823899371	0.22641509434	1.0	
1	31	0.0059880239521	0.0538922155689	0.209580838323	1.0	
1	32	0.0106382978723	0.0372340425532	0.164893617021	1.0	
1	33	0.0140186915888	0.0420560747664	0.177570093458	1.0	
1	34	0.00578034682081	0.028901734104	0.109826589595	1.0	
2	0	0.0153846153846	0.025641025641	0.14358974359	1.0	
2	1	0.00529100529101	0.031746031746	0.201058201058	1.0	
2	2	0.0103092783505	0.0309278350515	0.139175257732	1.0	
2	3	0.0280898876404	0.0674157303371	0.252808988764	1.0	
2	4	0.0149253731343	0.044776119403	0.26368159204	1.0	
2	5	0.0238095238095	0.160714285714	0.410714285714	1.0	
2	6	0.0324675324675	0.207792207792	0.402597402597	1.0	
2	7	0.0414201183432	0.224852071006	0.526627218935	1.0	
2	8	0.0281690140845	0.225352112676	0.514084507042	1.0	
2	9	0.046357615894	0.397350993377	0.609271523179	1.0	
2	10	0.0188679245283	0.496855345912	0.748427672956	1.0	
2	11	0.0397350993377	0.58940397351	0.781456953642	1.0	
2	12	0.0175438596491	0.672514619883	0.859649122807	1.0	
2	13	0.0308641975309	0.722222222222	0.882716049383	1.0	
2	14	0.0462427745665	0.867052023121	0.919075144509	1.0	
2	15	0.0406976744186	0.860465116279	0.953488372093	1.0	
2	16	0.0297619047619	0.869047619048	0.89880952381	1.0	
2	17	0.00613496932515	0.957055214724	0.98773006135	1.0	
2	18	0.0182926829268	0.908536585366	0.969512195122	1.0	
2	19	0.0609756097561	0.853658536585	0.932926829268	1.0	
2	20	0.0196078431373	0.823529411765	0.928104575163	1.0	
2	21	0.0338983050847	0.74011299435	0.881355932203	1.0	
2	22	0.0194805194805	0.662337662338	0.844155844156	1.0	
2	23	0.0810810810811	0.614864864865	0.797297297297	1.0	
2	24	0.0	0.425806451613	0.683870967742	1.0	
2	25	0.0352112676056	0.323943661972	0.669014084507	1.0	
2	26	0.0519480519481	0.272727272727	0.538961038961	1.0	
2	27	0.030487804878	0.164634146341	0.524390243902	1.0	
2	28	0.0163043478261	0.184782608696	0.461956521739	1.0	
2	29	0.0434782608696	0.108695652174	0.380434782609	1.0	
2	30	0.0457142857143	0.08	0.285714285714	1.0	
2	31	0.00632911392405	0.0569620253165	0.183544303797	1.0	
2	32	0.00473933649289	0.042654028436	0.18009478673	1.0	
2	33	0.00502512562814	0.0402010050251	0.145728643216	1.0	
2	34	0.00561797752809	0.0393258426966	0.140449438202	1.0	
3	0	0.0	0.0526315789474	0.25730994152	1.0	
3	1	0.00564971751412	0.0282485875706	0.129943502825	1.0	
3	2	0.0108695652174	0.0326086956522	0.201086956522	1.0	
3	3	0.0233918128655	0.046783625731	0.216374269006	1.0	
3	4	0.0178571428571	0.0595238095238	0.315476190476	1.0	
3	5	0.037037037037	0.104938271605	0.413580246914	1.0	
3	6	0.0327868852459	0.120218579235	0.437158469945	1.0	
3	7	0.047619047619	0.185714285714	0.5	1.0	
3	8	0.0621118012422	0.291925465839	0.608695652174	1.0	
3	9	0.0625	0.34375	0.675	1.0	
3	10	0.0432098765432	0.401234567901	0.759259259259	1.0	
3	11	0.041958041958	0.496503496503	0.804195804196	1.0	
3	12	0.0764331210191	0.617834394904	0.834394904459	1.0	
3	13	0.0206896551724	0.731034482759	0.889655172414	1.0	
3	14	0.0492957746479	0.795774647887	0.971830985915	1.0	
3	15	0.048275862069	0.855172413793	0.958620689655	1.0	
3	16	0.038961038961	0.87012987013	0.961038961039	1.0	
3	17	0.0335195530726	0.921787709497	0.960893854749	1.0	
3	18	0.0197368421053	0.940789473684	0.980263157895	1.0	
3	19	0.0340136054422	0.884353741497	0.938775510204	1.0	
3	20	0.0516129032258	0.825806451613	0.922580645161	1.0	
3	21	0.0602409638554	0.771084337349	0.933734939759	1.0	
3	22	0.060773480663	0.640883977901	0.845303867403	1.0	
3	23	0.0608108108108	0.641891891892	0.837837837838	1.0	
3	24	0.0636942675159	0.458598726115	0.694267515924	1.0	
3	25	0.0723684210526	0.335526315789	0.703947368421	1.0	
3	26	0.0652173913043	0.282608695652	0.579710144928	1.0	
3	27	0.0512820512821	0.192307692308	0.608974358974	1.0	
3	28	0.05	0.15	0.49375	1.0	
3	29	0.0494505494505	0.153846153846	0.467032967033	1.0	
3	30	0.0259067357513	0.124352331606	0.326424870466	1.0	
3	31	0.0108108108108	0.0648648648649	0.221621621622	1.0	
3	32	0.016393442623	0.0655737704918	0.27868852459	1.0	
3	33	0.00980392156863	0.0735294117647	0.220588235294	1.0	
3	34	0.0104712041885	0.0314136125654	0.204188481675	1.0	
4	0	0.0259067357513	0.0777202072539	0.227979274611	1.0	
4	1	0.0	0.0529100529101	0.190476190476	1.0	
4	2	0.00985221674877	0.103448275862	0.275862068966	1.0	
4	3	0.0295857988166	0.130177514793	0.289940828402	1.0	
4	4	0.0242424242424	0.0848484848485	0.321212121212	1.0	
4	5	0.0253164556962	0.0696202531646	0.379746835443	1.0	
4	6	0.046875	0.130208333333	0.515625	1.0	
4	7	0.0258064516129	0.2	0.541935483871	1.0	
4	8	0.0733333333333	0.266666666667	0.633333333333	1.0	
4	9	0.105263157895	0.381578947368	0.769736842105	1.0	
4	10	0.0571428571429	0.471428571429	0.792857142857	1.0	
4	11	0.1	0.54375	0.8375	1.0	
4	12	0.0822784810127	0.626582278481	0.835443037975	1.0	
4	13	0.102040816327	0.700680272109	0.843537414966	1.0	
4	14	0.0823529411765	0.823529411765	0.970588235294	1.0	
4	15	0.058064516129	0.903225806452	0.948387096774	1.0	
4	16	0.0542168674699	0.849397590361	0.903614457831	1.0	
4	17	0.0847457627119	0.864406779661	0.932203389831	1.0	
4	18	0.0559440559441	0.923076923077	0.958041958042	1.0	
4	19	0.0858895705521	0.889570552147	0.950920245399	1.0	
4	20	0.102941176471	0.786764705882	0.904411764706	1.0	
4	21	0.0680272108844	0.761904761905	0.931972789116	1.0	
4	22	0.10067114094	0.691275167785	0.892617449664	1.0	
4	23	0.0722891566265	0.584337349398	0.819277108434	1.0	
4	24	0.0979020979021	0.51048951049	0.804195804196	1.0	
4	25	0.111842105263	0.440789473684	0.756578947368	1.0	
4	26	0.0963855421687	0.301204819277	0.668674698795	1.0	
4	27	0.0823529411765	0.194117647059	0.594117647059	1.0	
4	28	0.094674556213	0.213017751479	0.573964497041	1.0	
4	29	0.0542168674699	0.114457831325	0.415662650602	1.0	
4	30	0.0509554140127	0.114649681529	0.426751592357	1.0	
4	31	0.0348258706468	0.0845771144279	0.298507462687	1.0	
4	32	0.015625	0.0833333333333	0.229166666667	1.0	
4	33	0.0104712041885	0.0837696335079	0.267015706806	1.0	
4	34	0.0	0.0310559006211	0.204968944099	1.0	
5	0	0.0	0.1	0.257894736842	1.0	
5	1	0.0115606936416	0.104046242775	0.28901734104	1.0	
5	2	0.0178571428571	0.0595238095238	0.327380952381	1.0	
5	3	0.0326797385621	0.0915032679739	0.300653594771	1.0	
5	4	0.0514285714286	0.137142857143	0.422857142857	1.0	
5	5	0.0824742268041	0.139175257732	0.510309278351	1.0	
5	6	0.0738636363636	0.142045454545	0.551136363636	1.0	
5	7	0.0787878787879	0.224242424242	0.6	1.0	
5	8	0.109677419355	0.309677419355	0.703225806452	1.0	
5	9	0.102040816327	0.265306122449	0.721088435374	1.0	
5	10	0.101351351351	0.445945945946	0.783783783784	1.0	
5	11	0.0833333333333	0.395833333333	0.791666666667	1.0	
5	12	0.0952380952381	0.632653061224	0.91156462585	1.0	
5	13	0.0909090909091	0.622377622378	0.895104895105	1.0	
5	14	0.173333333333	0.826666666667	0.94	1.0	
5	15	0.0948905109489	0.839416058394	0.919708029197	1.0	
5	16	0.11801242236	0.844720496894	0.919254658385	1.0	
5	17	0.13768115942	0.855072463768	0.949275362319	1.0	
5	18	0.151898734177	0.873417721519	0.962025316456	1.0	
5	19	0.11320754717	0.823899371069	0.955974842767	1.0	
5	20	0.121794871795	0.75	0.897435897436	1.0	
5	21	0.113475177305	0.730496453901	0.921985815603	1.0	
5	22	0.0825688073394	0.614678899083	0.899082568807	1.0	
5	23	0.158273381295	0.589928057554	0.863309352518	1.0	
5	24	0.129770992366	0.458015267176	0.870229007634	1.0	
5	25	0.0852713178295	0.286821705426	0.790697674419	1.0	
5	26	0.152317880795	0.35761589404	0.748344370861	1.0	
5	27	0.0891719745223	0.235668789809	0.59872611465	1.0	
5	28	0.0848484848485	0.187878787879	0.539393939394	1.0	
5	29	0.0846560846561	0.153439153439	0.52380952381	1.0	
5	30	0.0479452054795	0.13698630137	0.506849315068	1.0	
5	31	0.0380434782609	0.130434782609	0.347826086957	1.0	
5	32	0.0379746835443	0.120253164557	0.303797468354	1.0	
5	33	0.0171428571429	0.137142857143	0.302857142857	1.0	
5	34	0.0119760479042	0.125748502994	0.233532934132	1.0	
6	0	0.0294117647059	0.123529411765	0.294117647059	1.0	
6	1	0.0	0.126506024096	0.379518072289	1.0	
6	2	0.0471204188482	0.204188481675	0.429319371728	1.0	
6	3	0.04	0.165714285714	0.462857142857	1.0	
6	4	0.0466666666667	0.146666666667	0.453333333333	1.0	
6	5	0.078431372549	0.228758169935	0.555555555556	1.0	
6	6	0.0714285714286	0.178571428571	0.589285714286	1.0	
6	7	0.0914285714286	0.137142857143	0.565714285714	1.0	
6	8	0.154761904762	0.321428571429	0.72619047619	1.0	
6	9	0.0882352941176	0.335294117647	0.811764705882	1.0	
6	10	0.175	0.45625	0.825	1.0	
6	11	0.198717948718	0.519230769231	0.820512820513	1.0	
6	12	0.157894736842	0.533834586466	0.87969924812	1.0	
6	13	0.161290322581	0.66935483871	0.911290322581	1.0	
6	14	0.175324675325	0.805194805195	0.961038961039	1.0	
6	15	0.185185185185	0.859259259259	0.925925925926	1.0	
6	16	0.127516778523	0.832214765101	0.946308724832	1.0	
6	17	0.170068027211	0.850340136054	0.918367346939	1.0	
6	18	0.186206896552	0.855172413793	0.958620689655	1.0	
6	19	0.182481751825	0.85401459854	0.934306569343	1.0	
6	20	0.2	0.806451612903	0.929032258065	1.0	
6	21	0.230158730159	0.706349206349	0.912698412698	1.0	
6	22	0.263157894737	0.669172932331	0.90977443609	1.0	
6	23	0.169014084507	0.478873239437	0.880281690141	1.0	
6	24	0.153846153846	0.391608391608	0.832167832168	1.0	
6	25	0.133333333333	0.29696969697	0.739393939394	1.0	
6	26	0.114864864865	0.324324324324	0.763513513514	1.0	
6	27	0.105882352941	0.252941176471	0.670588235294	1.0	
6	28	0.0789473684211	0.190789473684	0.611842105263	1.0	
6	29	0.0387096774194	0.129032258065	0.509677419355	1.0	
6	30	0.0346820809249	0.167630057803	0.462427745665	1.0	
6	31	0.0208333333333	0.138888888889	0.409722222222	1.0	
6	32	0.038961038961	0.142857142857	0.383116883117	1.0	
6	33	0.0138888888889	0.0972222222222	0.319444444444	1.0	
6	34	0.0124223602484	0.211180124224	0.360248447205	1.0	
7	0	0.0181818181818	0.315151515152	0.509090909091	1.0	
7	1	0.037037037037	0.228395061728	0.462962962963	1.0	
7	2	0.0194805194805	0.253246753247	0.545454545455	1.0	
7	3	0.0569620253165	0.259493670886	0.575949367089	1.0	
7	4	0.0473372781065	0.171597633136	0.497041420118	1.0	
7	5	0.0472972972973	0.162162162162	0.560810810811	1.0	
7	6	0.0855263157895	0.190789473684	0.651315789474	1.0	
7	7	0.106145251397	0.22905027933	0.620111731844	1.0	
7	8	0.184210526316	0.309210526316	0.782894736842	1.0	
7	9	0.141791044776	0.276119402985	0.783582089552	1.0	
7	10	0.183098591549	0.401408450704	0.859154929577	1.0	
7	11	0.25	0.558823529412	0.919117647059	1.0	
7	12	0.238410596026	0.503311258278	0.894039735099	1.0	
7	13	0.267175572519	0.625954198473	0.946564885496	1.0	
7	14	0.28125	0.7890625	0.9453125	1.0	
7	15	0.208955223881	0.798507462687	0.925373134328	1.0	
7	16	0.287581699346	0.849673202614	0.947712418301	1.0	
7	17	0.253424657534	0.897260273973	0.945205479452	1.0	
7	18	0.316666666667	0.891666666667	0.933333333333	1.0	
7	19	0.292517006803	0.795918367347	0.938775510204	1.0	
7	20	0.208333333333	0.75	0.908333333333	1.0	
7	21	0.186991869919	0.723577235772	0.90243902439	1.0	
7	22	0.214285714286	0.558441558442	0.909090909091	1.0	
7	23	0.176870748299	0.401360544218	0.836734693878	1.0	
7	24	0.188679245283	0.415094339623	0.867924528302	1.0	
7	25	0.186335403727	0.335403726708	0.795031055901	1.0	
7	26	0.155688622754	0.311377245509	0.754491017964	1.0	
7	27	0.0975609756098	0.231707317073	0.689024390244	1.0	
7	28	0.0629370629371	0.160839160839	0.643356643357	1.0	
7	29	0.046511627907	0.168604651163	0.598837209302	1.0	
7	30	0.0802469135802	0.222222222222	0.537037037037	1.0	
7	31	0.0625	0.25	0.534090909091	1.0	
7	32	0.04	0.193333333333	0.426666666667	1.0	
7	33	0.0111731843575	0.240223463687	0.480446927374	1.0	
7	34	0.0344827586207	0.206896551724	0.456896551724	1.0	
8	0	0.0324675324675	0.285714285714	0.487012987013	1.0	
8	1	0.0264900662252	0.324503311258	0.529801324503	1.0	
8	2	0.034965034965	0.293706293706	0.503496503497	1.0	
8	3	0.0242424242424	0.212121212121	0.539393939394	1.0	
8	4	0.0955056179775	0.314606741573	0.612359550562	1.0	
8	5	0.0613496932515	0.239263803681	0.644171779141	1.0	
8	6	0.0779220779221	0.24025974026	0.733766233766	1.0	
8	7	0.135802469136	0.29012345679	0.728395061728	1.0	
8	8	0.130177514793	0.295857988166	0.733727810651	1.0	
8	9	0.223880597015	0.373134328358	0.813432835821	1.0	
8	10	0.194915254237	0.406779661017	0.847457627119	1.0	
8	11	0.147286821705	0.348837209302	0.798449612403	1.0	
8	12	0.229508196721	0.508196721311	0.877049180328	1.0	
8	13	0.383561643836	0.719178082192	0.890410958904	1.0	
8	14	0.335877862595	0.740458015267	0.900763358779	1.0	
8	15	0.289655172414	0.772413793103	0.924137931034	1.0	
8	16	0.370967741935	0.862903225806	0.943548387097	1.0	
8	17	0.378205128205	0.871794871795	0.923076923077	1.0	
8	18	0.397058823529	0.838235294118	0.919117647059	1.0	
8	19	0.404580152672	0.832061068702	0.93893129771	1.0	
8	20	0.333333333333	0.797101449275	0.927536231884	1.0	
8	21	0.254098360656	0.598360655738	0.885245901639	1.0	
8	22	0.315384615385	0.584615384615	0.892307692308	1.0	
8	23	0.280821917808	0.431506849315	0.904109589041	1.0	
8	24	0.251851851852	0.466666666667	0.896296296296	1.0	
8	25	0.202797202797	0.41958041958	0.846153846154	1.0	
8	26	0.184210526316	0.289473684211	0.855263157895	1.0	
8	27	0.108974358974	0.211538461538	0.769230769231	1.0	
8	28	0.109756097561	0.243902439024	0.743902439024	1.0	
8	29	0.0746268656716	0.283582089552	0.65671641791	1.0	
8	30	0.0696202531646	0.259493670886	0.607594936709	1.0	
8	31	0.0779220779221	0.25974025974	0.584415584416	1.0	
8	32	0.0588235294118	0.254901960784	0.56862745098	1.0	
8	33	0.0437158469945	0.333333333333	0.530054644809	1.0	
8	34	0.0185185185185	0.308641975309	0.506172839506	1.0	
9	0	0.0135135135135	0.371621621622	0.540540540541	1.0	
9	1	0.0	0.402597402597	0.603896103896	1.0	
9	2	0.0062893081761	0.377358490566	0.641509433962	1.0	
9	3	0.058064516129	0.387096774194	0.664516129032	1.0	
9	4	0.0680272108844	0.353741496599	0.700680272109	1.0	
9	5	0.117647058824	0.346405228758	0.732026143791	1.0	
9	6	0.111111111111	0.286549707602	0.783625730994	1.0	
9	7	0.201342281879	0.328859060403	0.825503355705	1.0	
9	8	0.151079136691	0.309352517986	0.827338129496	1.0	
9	9	0.243243243243	0.378378378378	0.900900900901	1.0	
9	10	0.241830065359	0.470588235294	0.915032679739	1.0	
9	11	0.291666666667	0.513888888889	0.930555555556	1.0	
9	12	0.326086956522	0.536231884058	0.86231884058	1.0	
9	13	0.420689655172	0.689655172414	0.944827586207	1.0	
9	14	0.427184466019	0.776699029126	0.95145631068	1.0	
9	15	0.448275862069	0.765517241379	0.931034482759	1.0	
9	16	0.503311258278	0.87417218543	0.913907284768	1.0	
9	17	0.5	0.855072463768	0.891304347826	1.0	
9	18	0.52	0.826666666667	0.88	1.0	
9	19	0.429577464789	0.816901408451	0.964788732394	1.0	
9	20	0.417322834646	0.787401574803	0.937007874016	1.0	
9	21	0.381578947368	0.651315789474	0.901315789474	1.0	
9	22	0.450819672131	0.655737704918	0.94262295082	1.0	
9	23	0.432	0.608	0.904	1.0	
9	24	0.358778625954	0.541984732824	0.908396946565	1.0	
9	25	0.264150943396	0.415094339623	0.874213836478	1.0	
9	26	0.206611570248	0.380165289256	0.867768595041	1.0	
9	27	0.2	0.413333333333	0.893333333333	1.0	
9	28	0.128048780488	0.292682926829	0.737804878049	1.0	
9	29	0.122807017544	0.327485380117	0.719298245614	1.0	
9	30	0.0658682634731	0.293413173653	0.718562874251	1.0	
9	31	0.0506329113924	0.29746835443	0.632911392405	1.0	
9	32	0.0326797385621	0.372549019608	0.614379084967	1.0	
9	33	0.0114942528736	0.425287356322	0.64367816092	1.0	
9	34	0.00581395348837	0.447674418605	0.581395348837	1.0	
10	0	0.0232558139535	0.505813953488	0.697674418605	1.0	
10	1	0.0141843971631	0.432624113475	0.709219858156	1.0	
10	2	0.0375	0.41875	0.73125	1.0	
10	3	0.0714285714286	0.535714285714	0.785714285714	1.0	
10	4	0.0707070707071	0.439393939394	0.742424242424	1.0	
10	5	0.1	0.45	0.84375	1.0	
10	6	0.148648648649	0.358108108108	0.722972972973	1.0	
10	7	0.183544303797	0.462025316456	0.867088607595	1.0	
10	8	0.233333333333	0.373333333333	0.826666666667	1.0	
10	9	0.267605633803	0.443661971831	0.866197183099	1.0	
10	10	0.385185185185	0.488888888889	0.888888888889	1.0	
10	11	0.386666666667	0.5	0.96	1.0	
10	12	0.428571428571	0.578947368421	0.932330827068	1.0	
10	13	0.5	0.65	0.935714285714	1.0	
10	14	0.488188976378	0.732283464567	0.937007874016	1.0	
10	15	0.549668874172	0.801324503311	0.913907284768	1.0	
10	16	0.557142857143	0.857142857143	0.942857142857	1.0	
10	17	0.611510791367	0.877697841727	0.964028776978	1.0	
10	18	0.564285714286	0.878571428571	0.935714285714	1.0	
10	19	0.54954954955	0.828828828829	0.90990990991	1.0	
10	20	0.530201342282	0.778523489933	0.906040268456	1.0	
10	21	0.495867768595	0.702479338843	0.925619834711	1.0	
10	22	0.393333333333	0.66	0.966666666667	1.0	
10	23	0.435714285714	0.564285714286	0.957142857143	1.0	
10	24	0.4296875	0.5546875	0.9296875	1.0	
10	25	0.295302013423	0.44966442953	0.832214765101	1.0	
10	26	0.222222222222	0.411764705882	0.888888888889	1.0	
10	27	0.203947368421	0.401315789474	0.855263157895	1.0	
10	28	0.144927536232	0.405797101449	0.826086956522	1.0	
10	29	0.1125	0.3875	0.75	1.0	
10	30	0.0877192982456	0.497076023392	0.812865497076	1.0	
10	31	0.0451612903226	0.458064516129	0.716129032258	1.0	
10	32	0.02	0.473333333333	0.686666666667	1.0	
10	33	0.0191082802548	0.484076433121	0.700636942675	1.0	
10	34	0.0106951871658	0.44385026738	0.582887700535	1.0	
11	0	0.0352112676056	0.535211267606	0.739436619718	1.0	
11	1	0.0188679245283	0.572327044025	0.805031446541	1.0	
11	2	0.0194805194805	0.564935064935	0.733766233766	1.0	
11	3	0.0612244897959	0.578231292517	0.857142857143	1.0	
11	4	0.0780141843972	0.581560283688	0.815602836879	1.0	
11	5	0.126506024096	0.524096385542	0.849397590361	1.0	
11	6	0.128571428571	0.421428571429	0.778571428571	1.0	
11	7	0.251461988304	0.485380116959	0.918128654971	1.0	
11	8	0.255474452555	0.554744525547	0.905109489051	1.0	
11	9	0.29197080292	0.569343065693	0.919708029197	1.0	
11	10	0.294964028777	0.474820143885	0.94964028777	1.0	
11	11	0.48	0.62	0.933333333333	1.0	
11	12	0.616438356164	0.732876712329	0.938356164384	1.0	
11	13	0.587301587302	0.730158730159	0.960317460317	1.0	
11	14	0.649350649351	0.850649350649	0.935064935065	1.0	
11	15	0.688	0.864	0.92	1.0	
11	16	0.646666666667	0.873333333333	0.946666666667	1.0	
11	17	0.717948717949	0.878205128205	0.942307692308	1.0	
11	18	0.758169934641	0.895424836601	0.947712418301	1.0	
11	19	0.692307692308	0.881118881119	0.951048951049	1.0	
11	20	0.679487179487	0.858974358974	0.948717948718	1.0	
11	21	0.604316546763	0.762589928058	0.928057553957	1.0	
11	22	0.553571428571	0.741071428571	0.991071428571	1.0	
11	23	0.527131782946	0.651162790698	0.945736434109	1.0	
11	24	0.413533834586	0.563909774436	0.932330827068	1.0	
11	25	0.377483443709	0.556291390728	0.907284768212	1.0	
11	26	0.245033112583	0.450331125828	0.880794701987	1.0	
11	27	0.150943396226	0.452830188679	0.899371069182	1.0	
11	28	0.115942028986	0.45652173913	0.884057971014	1.0	
11	29	0.120567375887	0.460992907801	0.787234042553	1.0	
11	30	0.0961538461538	0.448717948718	0.801282051282	1.0	
11	31	0.0643274853801	0.497076023392	0.736842105263	1.0	
11	32	0.0160427807487	0.534759358289	0.743315508021	1.0	
11	33	0.0290697674419	0.587209302326	0.767441860465	1.0	
11	34	0.0193548387097	0.632258064516	0.774193548387	1.0	
12	0	0.0202702702703	0.628378378378	0.810810810811	1.0	
12	1	0.0387096774194	0.625806451613	0.793548387097	1.0	
12	2	0.0322580645161	0.677419354839	0.858064516129	1.0	
12	3	0.06	0.706666666667	0.846666666667	1.0	
12	4	0.0769230769231	0.636363636364	0.895104895105	1.0	
12	5	0.128205128205	0.602564102564	0.846153846154	1.0	
12	6	0.131034482759	0.531034482759	0.848275862069	1.0	
12	7	0.251748251748	0.573426573427	0.902097902098	1.0	
12	8	0.260869565217	0.572463768116	0.949275362319	1.0	
12	9	0.470085470085	0.589743589744	0.905982905983	1.0	
12	10	0.428571428571	0.616541353383	0.924812030075	1.0	
12	11	0.533333333333	0.666666666667	0.933333333333	1.0	
12	12	0.685950413223	0.793388429752	0.917355371901	1.0	
12	13	0.642335766423	0.795620437956	0.941605839416	1.0	
12	14	0.814285714286	0.878571428571	0.942857142857	1.0	
12	15	0.729166666667	0.861111111111	0.944444444444	1.0	
12	16	0.818181818182	0.921212121212	0.957575757576	1.0	
12	17	0.765517241379	0.903448275862	0.979310344828	1.0	
12	18	0.761006289308	0.899371069182	0.937106918239	1.0	
12	19	0.81045751634	0.915032679739	0.954248366013	1.0	
12	20	0.802547770701	0.885350318471	0.929936305732	1.0	
12	21	0.71186440678	0.822033898305	0.949152542373	1.0	
12	22	0.651515151515	0.734848484848	0.954545454545	1.0	
12	23	0.586206896552	0.663793103448	0.931034482759	1.0	
12	24	0.42962962963	0.659259259259	0.933333333333	1.0	
12	25	0.379032258065	0.572580645161	0.91935483871	1.0	
12	26	0.296875	0.59375	0.953125	1.0	
12	27	0.196850393701	0.535433070866	0.889763779528	1.0	
12	28	0.170068027211	0.571428571429	0.857142857143	1.0	
12	29	0.111111111111	0.617283950617	0.895061728395	1.0	
12	30	0.117647058824	0.686274509804	0.882352941176	1.0	
12	31	0.0314465408805	0.635220125786	0.88679245283	1.0	
12	32	0.0211267605634	0.549295774648	0.767605633803	1.0	
12	33	0.00591715976331	0.692307692308	0.828402366864	1.0	
12	34	0.0117647058824	0.705882352941	0.852941176471	1.0	
13	0	0.021978021978	0.752747252747	0.884615384615	1.0	
13	1	0.0	0.741379310345	0.873563218391	1.0	
13	2	0.0179640718563	0.790419161677	0.898203592814	1.0	
13	3	0.0243902439024	0.69918699187	0.869918699187	1.0	
13	4	0.0808823529412	0.698529411765	0.941176470588	1.0	
13	5	0.0902777777778	0.680555555556	0.881944444444	1.0	
13	6	0.138461538462	0.576923076923	0.884615384615	1.0	
13	7	0.242857142857	0.7	0.907142857143	1.0	
13	8	0.441176470588	0.720588235294	0.941176470588	1.0	
13	9	0.37984496124	0.68992248062	0.914728682171	1.0	
13	10	0.51677852349	0.691275167785	0.946308724832	1.0	
13	11	0.608108108108	0.77027027027	0.925675675676	1.0	
13	12	0.714285714286	0.777777777778	0.912698412698	1.0	
13	13	0.716129032258	0.851612903226	0.954838709677	1.0	
13	14	0.794117647059	0.882352941176	0.963235294118	1.0	
13	15	0.823529411765	0.882352941176	0.928104575163	1.0	
13	16	0.830188679245	0.905660377358	0.949685534591	1.0	
13	17	0.865030674847	0.938650306748	0.963190184049	1.0	
13	18	0.839743589744	0.916666666667	0.935897435897	1.0	
13	19	0.855172413793	0.875862068966	0.944827586207	1.0	
13	20	0.717948717949	0.833333333333	0.942307692308	1.0	
13	21	0.775510204082	0.863945578231	0.959183673469	1.0	
13	22	0.659259259259	0.77037037037	0.948148148148	1.0	
13	23	0.617021276596	0.744680851064	0.957446808511	1.0	
13	24	0.531914893617	0.723404255319	0.957446808511	1.0	
13	25	0.420289855072	0.615942028986	0.920289855072	1.0	
13	26	0.30081300813	0.691056910569	0.926829268293	1.0	
13	27	0.236641221374	0.595419847328	0.908396946565	1.0	
13	28	0.196078431373	0.62091503268	0.947712418301	1.0	
13	29	0.164285714286	0.707142857143	0.928571428571	1.0	
13	30	0.0573248407643	0.71974522293	0.87898089172	1.0	
13	31	0.0714285714286	0.732142857143	0.869047619048	1.0	
13	32	0.0335570469799	0.697986577181	0.872483221477	1.0	
13	33	0.032967032967	0.736263736264	0.840659340659	1.0	
13	34	0.0166666666667	0.788888888889	0.888888888889	1.0	
14	0	0.0116279069767	0.854651162791	0.947674418605	1.0	
14	1	0.00684931506849	0.815068493151	0.904109589041	1.0	
14	2	0.0331125827815	0.794701986755	0.907284768212	1.0	
14	3	0.0611111111111	0.8	0.9	1.0	
14	4	0.0797101449275	0.782608695652	0.920289855072	1.0	
14	5	0.0941176470588	0.764705882353	0.935294117647	1.0	
14	6	0.151315789474	0.730263157895	0.947368421053	1.0	
14	7	0.269503546099	0.780141843972	0.921985815603	1.0	
14	8	0.374100719424	0.73381294964	0.913669064748	1.0	
14	9	0.461538461538	0.786324786325	0.91452991453	1.0	
14	10	0.466101694915	0.720338983051	0.940677966102	1.0	
14	11	0.617021276596	0.780141843972	0.943262411348	1.0	
14	12	0.686567164179	0.813432835821	0.917910447761	1.0	
14	13	0.739837398374	0.861788617886	0.951219512195	1.0	
14	14	0.848837209302	0.912790697674	0.982558139535	1.0	
14	15	0.824675324675	0.876623376623	0.967532467532	1.0	
14	16	0.91975308642	0.938271604938	0.981481481481	1.0	
14	17	0.929936305732	0.968152866242	0.974522292994	1.0	
14	18	0.865384615385	0.923076923077	0.942307692308	1.0	
14	19	0.846153846154	0.910256410256	0.974358974359	1.0	
14	20	0.886075949367	0.917721518987	0.936708860759	1.0	
14	21	0.787096774194	0.896774193548	0.941935483871	1.0	
14	22	0.793103448276	0.875862068966	0.958620689655	1.0	
14	23	0.696296296296	0.814814814815	0.925925925926	1.0	
14	24	0.561538461538	0.8	0.930769230769	1.0	
14	25	0.412698412698	0.68253968254	0.912698412698	1.0	
14	26	0.392592592593	0.711111111111	0.911111111111	1.0	
14	27	0.286764705882	0.757352941176	0.948529411765	1.0	
14	28	0.161764705882	0.720588235294	0.926470588235	1.0	
14	29	0.107142857143	0.728571428571	0.907142857143	1.0	
14	30	0.0792682926829	0.84756097561	0.963414634146	1.0	
14	31	0.061797752809	0.797752808989	0.904494382022	1.0	
14	32	0.0382165605096	0.828025477707	0.936305732484	1.0	
14	33	0.0134228187919	0.798657718121	0.906040268456	1.0	
14	34	0.025641025641	0.865384615385	0.929487179487	1.0	
15	0	0.0225988700565	0.864406779661	0.920903954802	1.0	
15	1	0.025	0.85	0.94375	1.0	
15	2	0.00645161290323	0.838709677419	0.929032258065	1.0	
15	3	0.034965034965	0.867132867133	0.937062937063	1.0	
15	4	0.0914634146341	0.84756097561	0.957317073171	1.0	
15	5	0.0921985815603	0.808510638298	0.929078014184	1.0	
15	6	0.223776223776	0.839160839161	0.965034965035	1.0	
15	7	0.238095238095	0.722222222222	0.873015873016	1.0	
15	8	0.303703703704	0.859259259259	0.962962962963	1.0	
15	9	0.496296296296	0.82962962963	0.948148148148	1.0	
15	10	0.565517241379	0.820689655172	0.931034482759	1.0	
15	11	0.651162790698	0.837209302326	0.937984496124	1.0	
15	12	0.769696969697	0.872727272727	0.951515151515	1.0	
15	13	0.845588235294	0.919117647059	0.963235294118	1.0	
15	14	0.845238095238	0.928571428571	0.970238095238	1.0	
15	15	0.89932885906	0.946308724832	0.953020134228	1.0	
15	16	0.932960893855	0.949720670391	0.977653631285	1.0	
15	17	0.982954545455	0.988636363636	0.988636363636	1.0	
15	18	0.925714285714	0.96	0.982857142857	1.0	
15	19	0.911949685535	0.924528301887	0.949685534591	1.0	
15	20	0.88198757764	0.944099378882	0.968944099379	1.0	
15	21	0.854166666667	0.944444444444	0.965277777778	1.0	
15	22	0.751592356688	0.885350318471	0.942675159236	1.0	
15	23	0.709219858156	0.822695035461	0.921985815603	1.0	
15	24	0.5703125	0.8125	0.9609375	1.0	
15	25	0.504273504274	0.846153846154	0.948717948718	1.0	
15	26	0.407142857143	0.835714285714	0.957142857143	1.0	
15	27	0.31746031746	0.81746031746	0.960317460317	1.0	
15	28	0.174496644295	0.751677852349	0.912751677852	1.0	
15	29	0.133333333333	0.853333333333	0.953333333333	1.0	
15	30	0.125	0.868421052632	0.960526315789	1.0	
15	31	0.0700636942675	0.872611464968	0.96178343949	1.0	
15	32	0.047619047619	0.846560846561	0.925925925926	1.0	
15	33	0.015625	0.864583333333	0.942708333333	1.0	
15	34	0.0172413793103	0.844827586207	0.936781609195	1.0	
16	0	0.0	0.915584415584	0.948051948052	1.0	
16	1	0.0126582278481	0.879746835443	0.936708860759	1.0	
16	2	0.0441988950276	0.883977900552	0.966850828729	1.0	
16	3	0.0460526315789	0.881578947368	0.960526315789	1.0	
16	4	0.102409638554	0.897590361446	0.957831325301	1.0	
16	5	0.0728476821192	0.807947019868	0.927152317881	1.0	
16	6	0.148936170213	0.829787234043	0.971631205674	1.0	
16	7	0.205298013245	0.841059602649	0.933774834437	1.0	
16	8	0.299212598425	0.763779527559	0.889763779528	1.0	
16	9	0.539568345324	0.841726618705	0.94964028777	1.0	
16	10	0.453125	0.78125	0.90625	1.0	
16	11	0.677419354839	0.864516129032	0.929032258065	1.0	
16	12	0.821428571429	0.914285714286	0.95	1.0	
16	13	0.843137254902	0.901960784314	0.967320261438	1.0	
16	14	0.9	0.94375	0.95	1.0	
16	15	0.901734104046	0.947976878613	0.959537572254	1.0	
16	16	0.953757225434	0.965317919075	0.976878612717	1.0	
16	17	0.918604651163	0.941860465116	0.96511627907	1.0	
16	18	0.950276243094	0.966850828729	0.977900552486	1.0	
16	19	0.923076923077	0.974358974359	0.987179487179	1.0	
16	20	0.851851851852	0.888888888889	0.913580246914	1.0	
16	21	0.828402366864	0.917159763314	0.952662721893	1.0	
16	22	0.820895522388	0.940298507463	0.970149253731	1.0	
16	23	0.724832214765	0.912751677852	0.96644295302	1.0	
16	24	0.608	0.832	0.952	1.0	
16	25	0.424	0.864	0.952	1.0	
16	26	0.409937888199	0.88198757764	0.944099378882	1.0	
16	27	0.227586206897	0.806896551724	0.931034482759	1.0	
16	28	0.191358024691	0.851851851852	0.907407407407	1.0	
16	29	0.151315789474	0.868421052632	0.960526315789	1.0	
16	30	0.075	0.875	0.9375	1.0	
16	31	0.0275862068966	0.896551724138	0.958620689655	1.0	
16	32	0.0459770114943	0.890804597701	0.971264367816	1.0	
16	33	0.00588235294118	0.894117647059	0.947058823529	1.0	
16	34	0.0268817204301	0.887096774194	0.967741935484	1.0	
17	0	0.010582010582	0.904761904762	0.957671957672	1.0	
17	1	0.0218579234973	0.912568306011	0.967213114754	1.0	
17	2	0.0382165605096	0.910828025478	0.942675159236	1.0	
17	3	0.0683229813665	0.931677018634	0.968944099379	1.0	
17	4	0.128048780488	0.890243902439	0.951219512195	1.0	
17	5	0.0915492957746	0.852112676056	0.93661971831	1.0	
17	6	0.138554216867	0.897590361446	0.963855421687	1.0	
17	7	0.241610738255	0.838926174497	0.939597315436	1.0	
17	8	0.360294117647	0.860294117647	0.911764705882	1.0	
17	9	0.4375	0.828125	0.9296875	1.0	
17	10	0.593495934959	0.813008130081	0.90243902439	1.0	
17	11	0.724409448819	0.897637795276	0.937007874016	1.0	
17	12	0.755102040816	0.891156462585	0.959183673469	1.0	
17	13	0.834394904459	0.942675159236	0.980891719745	1.0	
17	14	0.894409937888	0.906832298137	0.925465838509	1.0	
17	15	0.942196531792	0.965317919075	0.976878612717	1.0	
17	16	0.966507177033	0.980861244019	0.980861244019	1.0	
17	17	0.965346534653	0.980198019802	0.980198019802	1.0	
17	18	0.940217391304	0.95652173913	0.978260869565	1.0	
17	19	0.919540229885	0.954022988506	0.959770114943	1.0	
17	20	0.93085106383	0.946808510638	0.962765957447	1.0	
17	21	0.8625	0.90625	0.95	1.0	
17	22	0.775641025641	0.884615384615	0.942307692308	1.0	
17	23	0.769230769231	0.897435897436	0.948717948718	1.0	
17	24	0.535433070866	0.834645669291	0.897637795276	1.0	
17	25	0.490445859873	0.866242038217	0.942675159236	1.0	
17	26	0.435483870968	0.862903225806	0.911290322581	1.0	
17	27	0.225	0.86875	0.94375	1.0	
17	28	0.144736842105	0.914473684211	0.953947368421	1.0	
17	29	0.134328358209	0.858208955224	0.932835820896	1.0	
17	30	0.075	0.80625	0.88125	1.0	
17	31	0.0331491712707	0.911602209945	0.977900552486	1.0	
17	32	0.0119047619048	0.886904761905	0.946428571429	1.0	
17	33	0.0229885057471	0.919540229885	0.959770114943	1.0	
17	34	0.0231213872832	0.93063583815	0.965317919075	1.0	
18	0	0.0182926829268	0.90243902439	0.939024390244	1.0	
18	1	0.0184049079755	0.914110429448	0.963190184049	1.0	
18	2	0.0404624277457	0.872832369942	0.942196531792	1.0	
18	3	0.0653594771242	0.888888888889	0.954248366013	1.0	
18	4	0.0860927152318	0.847682119205	0.953642384106	1.0	
18	5	0.136904761905	0.892857142857	0.940476190476	1.0	
18	6	0.138686131387	0.802919708029	0.912408759124	1.0	
18	7	0.265486725664	0.769911504425	0.893805309735	1.0	
18	8	0.340277777778	0.805555555556	0.902777777778	1.0	
18	9	0.421428571429	0.864285714286	0.964285714286	1.0	
18	10	0.632	0.864	0.936	1.0	
18	11	0.714285714286	0.878571428571	0.935714285714	1.0	
18	12	0.809210526316	0.901315789474	0.934210526316	1.0	
18	13	0.858974358974	0.935897435897	0.967948717949	1.0	
18	14	0.869565217391	0.913043478261	0.961956521739	1.0	
18	15	0.931034482759	0.959770114943	0.971264367816	1.0	
18	16	0.909090909091	0.961722488038	0.971291866029	1.0	
18	17	0.928143712575	0.952095808383	0.952095808383	1.0	
18	18	0.963855421687	0.975903614458	0.981927710843	1.0	
18	19	0.934523809524	0.982142857143	0.982142857143	1.0	
18	20	0.877659574468	0.909574468085	0.936170212766	1.0	
18	21	0.818181818182	0.90303030303	0.933333333333	1.0	
18	22	0.77037037037	0.940740740741	0.977777777778	1.0	
18	23	0.7	0.914285714286	0.964285714286	1.0	
18	24	0.627118644068	0.889830508475	0.932203389831	1.0	
18	25	0.443708609272	0.854304635762	0.940397350993	1.0	
18	26	0.430894308943	0.837398373984	0.934959349593	1.0	
18	27	0.24427480916	0.81679389313	0.923664122137	1.0	
18	28	0.197080291971	0.832116788321	0.934306569343	1.0	
18	29	0.100628930818	0.823899371069	0.937106918239	1.0	
18	30	0.0431654676259	0.884892086331	0.94964028777	1.0	
18	31	0.0372670807453	0.900621118012	0.962732919255	1.0	
18	32	0.0277777777778	0.881944444444	0.930555555556	1.0	
18	33	0.0306748466258	0.932515337423	0.975460122699	1.0	
18	34	0.0216216216216	0.918918918919	0.967567567568	1.0	
19	0	0.0116959064327	0.87134502924	0.93567251462	1.0	
19	1	0.0117647058824	0.9	0.982352941176	1.0	
19	2	0.0333333333333	0.877777777778	0.95	1.0	
19	3	0.0535714285714	0.857142857143	0.934523809524	1.0	
19	4	0.0416666666667	0.892857142857	0.946428571429	1.0	
19	5	0.0347222222222	0.847222222222	0.923611111111	1.0	
19	6	0.14	0.86	0.94	1.0	
19	7	0.273333333333	0.893333333333	0.96	1.0	
19	8	0.366666666667	0.84	0.953333333333	1.0	
19	9	0.522292993631	0.802547770701	0.929936305732	1.0	
19	10	0.535947712418	0.797385620915	0.947712418301	1.0	
19	11	0.672	0.872	0.936	1.0	
19	12	0.812903225806	0.941935483871	0.987096774194	1.0	
19	13	0.780487804878	0.859756097561	0.939024390244	1.0	
19	14	0.900621118012	0.937888198758	0.975155279503	1.0	
19	15	0.901734104046	0.947976878613	0.982658959538	1.0	
19	16	0.920903954802	0.949152542373	0.983050847458	1.0	
19	17	0.907608695652	0.951086956522	0.967391304348	1.0	
19	18	0.924050632911	0.949367088608	0.955696202532	1.0	
19	19	0.944785276074	0.963190184049	0.963190184049	1.0	
19	20	0.884615384615	0.928571428571	0.950549450549	1.0	
19	21	0.892857142857	0.934523809524	0.970238095238	1.0	
19	22	0.821917808219	0.883561643836	0.931506849315	1.0	
19	23	0.728	0.848	0.944	1.0	
19	24	0.646153846154	0.830769230769	0.9	1.0	
19	25	0.427419354839	0.814516129032	0.927419354839	1.0	
19	26	0.388059701493	0.828358208955	0.917910447761	1.0	
19	27	0.325581395349	0.84496124031	0.945736434109	1.0	
19	28	0.182481751825	0.875912408759	0.948905109489	1.0	
19	29	0.0933333333333	0.773333333333	0.893333333333	1.0	
19	30	0.0763888888889	0.847222222222	0.951388888889	1.0	
19	31	0.0395480225989	0.824858757062	0.954802259887	1.0	
19	32	0.0236686390533	0.899408284024	0.958579881657	1.0	
19	33	0.013698630137	0.904109589041	0.958904109589	1.0	
19	34	0.00657894736842	0.888157894737	0.940789473684	1.0	
20	0	0.0164835164835	0.82967032967	0.912087912088	1.0	
20	1	0.00595238095238	0.791666666667	0.892857142857	1.0	
20	2	0.0503144654088	0.849056603774	0.924528301887	1.0	
20	3	0.0662251655629	0.847682119205	0.94701986755	1.0	
20	4	0.0642857142857	0.807142857143	0.957142857143	1.0	
20	5	0.1640625	0.8203125	0.9453125	1.0	
20	6	0.0943396226415	0.754716981132	0.930817610063	1.0	
20	7	0.233870967742	0.758064516129	0.935483870968	1.0	
20	8	0.412698412698	0.769841269841	0.928571428571	1.0	
20	9	0.394160583942	0.788321167883	0.941605839416	1.0	
20	10	0.568181818182	0.795454545455	0.969696969697	1.0	
20	11	0.558139534884	0.744186046512	0.93023255814	1.0	
20	12	0.721804511278	0.81954887218	0.90977443609	1.0	
20	13	0.76875	0.8375	0.93125	1.0	
20	14	0.873493975904	0.951807228916	0.963855421687	1.0	
20	15	0.894039735099	0.927152317881	0.953642384106	1.0	
20	16	0.913907284768	0.940397350993	0.980132450331	1.0	
20	17	0.90395480226	0.949152542373	0.988700564972	1.0	
20	18	0.905759162304	0.96335078534	0.973821989529	1.0	
20	19	0.942857142857	0.954285714286	0.96	1.0	
20	20	0.861635220126	0.924528301887	0.955974842767	1.0	
20	21	0.841463414634	0.932926829268	0.975609756098	1.0	
20	22	0.785714285714	0.896103896104	0.954545454545	1.0	
20	23	0.647887323944	0.823943661972	0.929577464789	1.0	
20	24	0.573529411765	0.794117647059	0.919117647059	1.0	
20	25	0.524822695035	0.758865248227	0.929078014184	1.0	
20	26	0.377192982456	0.771929824561	0.929824561404	1.0	
20	27	0.246575342466	0.732876712329	0.931506849315	1.0	
20	28	0.2	0.784	0.936	1.0	
20	29	0.0969696969697	0.763636363636	0.939393939394	1.0	
20	30	0.111111111111	0.785185185185	0.918518518519	1.0	
20	31	0.0290697674419	0.81976744186	0.936046511628	1.0	
20	32	0.0306748466258	0.834355828221	0.914110429448	1.0	
20	33	0.0275862068966	0.868965517241	0.958620689655	1.0	
20	34	0.0180722891566	0.849397590361	0.915662650602	1.0	
21	0	0.0119760479042	0.820359281437	0.916167664671	1.0	
21	1	0.0208333333333	0.729166666667	0.875	1.0	
21	2	0.00649350649351	0.772727272727	0.87012987013	1.0	
21	3	0.043795620438	0.788321167883	0.897810218978	1.0	
21	4	0.0794701986755	0.721854304636	0.907284768212	1.0	
21	5	0.113475177305	0.645390070922	0.893617021277	1.0	
21	6	0.148148148148	0.703703703704	0.933333333333	1.0	
21	7	0.239130434783	0.652173913043	0.891304347826	1.0	
21	8	0.299270072993	0.729927007299	0.897810218978	1.0	
21	9	0.4	0.721739130435	0.930434782609	1.0	
21	10	0.491666666667	0.7	0.941666666667	1.0	
21	11	0.660714285714	0.776785714286	0.964285714286	1.0	
21	12	0.756302521008	0.865546218487	0.957983193277	1.0	
21	13	0.816993464052	0.882352941176	0.954248366013	1.0	
21	14	0.830601092896	0.901639344262	0.956284153005	1.0	
21	15	0.812080536913	0.906040268456	0.939597315436	1.0	
21	16	0.841059602649	0.894039735099	0.933774834437	1.0	
21	17	0.85628742515	0.934131736527	0.964071856287	1.0	
21	18	0.875	0.940789473684	0.973684210526	1.0	
21	19	0.833333333333	0.916666666667	0.952380952381	1.0	
21	20	0.828358208955	0.902985074627	0.955223880597	1.0	
21	21	0.79020979021	0.86013986014	0.944055944056	1.0	
21	22	0.762237762238	0.846153846154	0.944055944056	1.0	
21	23	0.642335766423	0.788321167883	0.978102189781	1.0	
21	24	0.546153846154	0.753846153846	0.923076923077	1.0	
21	25	0.515625	0.7734375	0.921875	1.0	
21	26	0.28275862069	0.675862068966	0.931034482759	1.0	
21	27	0.227272727273	0.727272727273	0.94696969697	1.0	
21	28	0.197080291971	0.773722627737	0.963503649635	1.0	
21	29	0.111764705882	0.735294117647	0.917647058824	1.0	
21	30	0.0709677419355	0.754838709677	0.941935483871	1.0	
21	31	0.0290697674419	0.726744186047	0.854651162791	1.0	
21	32	0.0324675324675	0.753246753247	0.87012987013	1.0	
21	33	0.0124223602484	0.776397515528	0.937888198758	1.0	
21	34	0.00653594771242	0.803921568627	0.901960784314	1.0	
22	0	0.0496453900709	0.751773049645	0.858156028369	1.0	
22	1	0.013698630137	0.719178082192	0.876712328767	1.0	
22	2	0.0434782608696	0.670807453416	0.801242236025	1.0	
22	3	0.0533333333333	0.72	0.92	1.0	
22	4	0.046875	0.625	0.8515625	1.0	
22	5	0.0848484848485	0.569696969697	0.854545454545	1.0	
22	6	0.143835616438	0.602739726027	0.883561643836	1.0	
22	7	0.246153846154	0.530769230769	0.892307692308	1.0	
22	8	0.313868613139	0.605839416058	0.905109489051	1.0	
22	9	0.393162393162	0.683760683761	0.948717948718	1.0	
22	10	0.51724137931	0.698275862069	0.965517241379	1.0	
22	11	0.561983471074	0.719008264463	0.95041322314	1.0	
22	12	0.65671641791	0.753731343284	0.940298507463	1.0	
22	13	0.762237762238	0.839160839161	0.937062937063	1.0	
22	14	0.681481481481	0.785185185185	0.903703703704	1.0	
22	15	0.75	0.889705882353	0.985294117647	1.0	
22	16	0.789808917197	0.898089171975	0.96178343949	1.0	
22	17	0.813953488372	0.918604651163	0.959302325581	1.0	
22	18	0.821917808219	0.917808219178	0.958904109589	1.0	
22	19	0.754601226994	0.889570552147	0.944785276074	1.0	
22	20	0.777777777778	0.875	0.923611111111	1.0	
22	21	0.671140939597	0.771812080537	0.926174496644	1.0	
22	22	0.649635036496	0.788321167883	0.897810218978	1.0	
22	23	0.6953125	0.78125	0.9296875	1.0	
22	24	0.5	0.702702702703	0.918918918919	1.0	
22	25	0.412213740458	0.679389312977	0.893129770992	1.0	
22	26	0.397260273973	0.678082191781	0.958904109589	1.0	
22	27	0.279411764706	0.647058823529	0.904411764706	1.0	
22	28	0.169117647059	0.595588235294	0.919117647059	1.0	
22	29	0.125984251969	0.692913385827	0.913385826772	1.0	
22	30	0.106382978723	0.659574468085	0.879432624113	1.0	
22	31	0.0653594771242	0.692810457516	0.875816993464	1.0	
22	32	0.0451612903226	0.78064516129	0.909677419355	1.0	
22	33	0.0128205128205	0.666666666667	0.833333333333	1.0	
22	34	0.0193548387097	0.709677419355	0.81935483871	1.0	
23	0	0.0261437908497	0.59477124183	0.725490196078	1.0	
23	1	0.0281690140845	0.612676056338	0.795774647887	1.0	
23	2	0.047619047619	0.666666666667	0.829931972789	1.0	
23	3	0.0486111111111	0.513888888889	0.791666666667	1.0	
23	4	0.101265822785	0.582278481013	0.854430379747	1.0	
23	5	0.0958904109589	0.609589041096	0.869863013699	1.0	
23	6	0.147651006711	0.523489932886	0.926174496644	1.0	
23	7	0.18320610687	0.526717557252	0.870229007634	1.0	
23	8	0.313725490196	0.529411764706	0.882352941176	1.0	
23	9	0.372881355932	0.567796610169	0.915254237288	1.0	
23	10	0.519083969466	0.671755725191	0.946564885496	1.0	
23	11	0.418032786885	0.573770491803	0.901639344262	1.0	
23	12	0.604838709677	0.75	0.951612903226	1.0	
23	13	0.651162790698	0.767441860465	0.93023255814	1.0	
23	14	0.672	0.824	0.944	1.0	
23	15	0.626582278481	0.829113924051	0.943037974684	1.0	
23	16	0.771428571429	0.907142857143	0.971428571429	1.0	
23	17	0.767295597484	0.918238993711	0.943396226415	1.0	
23	18	0.748201438849	0.89928057554	0.94964028777	1.0	
23	19	0.727848101266	0.892405063291	0.981012658228	1.0	
23	20	0.680272108844	0.850340136054	0.952380952381	1.0	
23	21	0.676923076923	0.761538461538	0.907692307692	1.0	
23	22	0.618055555556	0.756944444444	0.951388888889	1.0	
23	23	0.529411764706	0.676470588235	0.911764705882	1.0	
23	24	0.492957746479	0.704225352113	0.950704225352	1.0	
23	25	0.39552238806	0.597014925373	0.940298507463	1.0	
23	26	0.307692307692	0.515384615385	0.846153846154	1.0	
23	27	0.196319018405	0.521472392638	0.883435582822	1.0	
23	28	0.184615384615	0.515384615385	0.892307692308	1.0	
23	29	0.111111111111	0.493055555556	0.847222222222	1.0	
23	30	0.0647482014388	0.525179856115	0.820143884892	1.0	
23	31	0.0748299319728	0.56462585034	0.823129251701	1.0	
23	32	0.0689655172414	0.627586206897	0.8	1.0	
23	33	0.0299401197605	0.664670658683	0.796407185629	1.0	
23	34	0.0	0.577380952381	0.761904761905	1.0	
24	0	0.0	0.508982035928	0.754491017964	1.0	
24	1	0.034965034965	0.566433566434	0.741258741259	1.0	
24	2	0.0451612903226	0.58064516129	0.812903225806	1.0	
24	3	0.0307692307692	0.446153846154	0.707692307692	1.0	
24	4	0.0855263157895	0.447368421053	0.789473684211	1.0	
24	5	0.0656934306569	0.423357664234	0.802919708029	1.0	
24	6	0.118055555556	0.402777777778	0.791666666667	1.0	
24	7	0.2109375	0.4140625	0.8828125	1.0	
24	8	0.223684210526	0.388157894737	0.875	1.0	
24	9	0.312977099237	0.480916030534	0.885496183206	1.0	
24	10	0.383458646617	0.533834586466	0.917293233083	1.0	
24	11	0.464912280702	0.622807017544	0.912280701754	1.0	
24	12	0.55223880597	0.701492537313	0.94776119403	1.0	
24	13	0.575	0.766666666667	0.966666666667	1.0	
24	14	0.540145985401	0.737226277372	0.92700729927	1.0	
24	15	0.649253731343	0.858208955224	0.917910447761	1.0	
24	16	0.621848739496	0.882352941176	0.949579831933	1.0	
24	17	0.611842105263	0.861842105263	0.934210526316	1.0	
24	18	0.662251655629	0.880794701987	0.94701986755	1.0	
24	19	0.632	0.896	0.936	1.0	
24	20	0.629370629371	0.79020979021	0.944055944056	1.0	
24	21	0.553719008264	0.752066115702	0.933884297521	1.0	
24	22	0.510638297872	0.737588652482	0.957446808511	1.0	
24	23	0.418803418803	0.564102564103	0.931623931624	1.0	
24	24	0.353846153846	0.507692307692	0.892307692308	1.0	
24	25	0.323308270677	0.496240601504	0.84962406015	1.0	
24	26	0.230215827338	0.453237410072	0.884892086331	1.0	
24	27	0.161290322581	0.403225806452	0.895161290323	1.0	
24	28	0.183673469388	0.442176870748	0.78231292517	1.0	
24	29	0.0958904109589	0.369863013699	0.821917808219	1.0	
24	30	0.0460526315789	0.486842105263	0.828947368421	1.0	
24	31	0.0426829268293	0.469512195122	0.707317073171	1.0	
24	32	0.0352112676056	0.492957746479	0.732394366197	1.0	
24	33	0.0239520958084	0.508982035928	0.712574850299	1.0	
24	34	0.00564971751412	0.519774011299	0.734463276836	1.0	
25	0	0.0178571428571	0.470238095238	0.666666666667	1.0	
25	1	0.0128205128205	0.358974358974	0.570512820513	1.0	
25	2	0.0285714285714	0.485714285714	0.735714285714	1.0	
25	3	0.0268456375839	0.375838926174	0.677852348993	1.0	
25	4	0.0939597315436	0.41610738255	0.664429530201	1.0	
25	5	0.0979020979021	0.426573426573	0.748251748252	1.0	
25	6	0.182481751825	0.430656934307	0.795620437956	1.0	
25	7	0.226277372263	0.386861313869	0.802919708029	1.0	
25	8	0.169811320755	0.295597484277	0.849056603774	1.0	
25	9	0.293706293706	0.468531468531	0.895104895105	1.0	
25	10	0.307692307692	0.519230769231	0.891025641026	1.0	
25	11	0.357142857143	0.555555555556	0.920634920635	1.0	
25	12	0.395348837209	0.658914728682	0.976744186047	1.0	
25	13	0.493150684932	0.698630136986	0.869863013699	1.0	
25	14	0.5	0.816176470588	0.926470588235	1.0	
25	15	0.441860465116	0.821705426357	0.93023255814	1.0	
25	16	0.463087248322	0.845637583893	0.939597315436	1.0	
25	17	0.514492753623	0.86231884058	0.927536231884	1.0	
25	18	0.517985611511	0.841726618705	0.935251798561	1.0	
25	19	0.484848484848	0.878787878788	0.94696969697	1.0	
25	20	0.514285714286	0.807142857143	0.964285714286	1.0	
25	21	0.451923076923	0.730769230769	0.903846153846	1.0	
25	22	0.419847328244	0.63358778626	0.916030534351	1.0	
25	23	0.428571428571	0.616541353383	0.90977443609	1.0	
25	24	0.322580645161	0.483870967742	0.862903225806	1.0	
25	25	0.265734265734	0.412587412587	0.902097902098	1.0	
25	26	0.175675675676	0.324324324324	0.898648648649	1.0	
25	27	0.109375	0.3359375	0.8359375	1.0	
25	28	0.14465408805	0.352201257862	0.779874213836	1.0	
25	29	0.10067114094	0.342281879195	0.738255033557	1.0	
25	30	0.0833333333333	0.35119047619	0.690476190476	1.0	
25	31	0.0705882352941	0.376470588235	0.688235294118	1.0	
25	32	0.0142857142857	0.342857142857	0.614285714286	1.0	
25	33	0.03125	0.38125	0.66875	1.0	
25	34	0.0189873417722	0.443037974684	0.664556962025	1.0	
26	0	0.00671140939597	0.402684563758	0.58389261745	1.0	
26	1	0.0	0.335365853659	0.536585365854	1.0	
26	2	0.016	0.32	0.6	1.0	
26	3	0.04375	0.24375	0.56875	1.0	
26	4	0.0636942675159	0.273885350318	0.687898089172	1.0	
26	5	0.0902777777778	0.3125	0.701388888889	1.0	
26	6	0.12987012987	0.292207792208	0.785714285714	1.0	
26	7	0.138157894737	0.309210526316	0.703947368421	1.0	
26	8	0.182389937107	0.301886792453	0.817610062893	1.0	
26	9	0.251612903226	0.432258064516	0.864516129032	1.0	
26	10	0.210526315789	0.394736842105	0.877192982456	1.0	
26	11	0.303703703704	0.533333333333	0.925925925926	1.0	
26	12	0.348484848485	0.643939393939	0.916666666667	1.0	
26	13	0.348837209302	0.635658914729	0.914728682171	1.0	
26	14	0.3671875	0.7265625	0.9140625	1.0	
26	15	0.3828125	0.8125	0.8984375	1.0	
26	16	0.320895522388	0.813432835821	0.89552238806	1.0	
26	17	0.36690647482	0.863309352518	0.956834532374	1.0	
26	18	0.355371900826	0.801652892562	0.909090909091	1.0	
26	19	0.3515625	0.78125	0.90625	1.0	
26	20	0.418604651163	0.798449612403	0.906976744186	1.0	
26	21	0.3203125	0.6953125	0.875	1.0	
26	22	0.35	0.616666666667	0.883333333333	1.0	
26	23	0.264705882353	0.536764705882	0.904411764706	1.0	
26	24	0.232876712329	0.458904109589	0.917808219178	1.0	
26	25	0.275449101796	0.479041916168	0.892215568862	1.0	
26	26	0.151315789474	0.328947368421	0.848684210526	1.0	
26	27	0.118055555556	0.277777777778	0.798611111111	1.0	
26	28	0.11724137931	0.220689655172	0.806896551724	1.0	
26	29	0.0858895705521	0.226993865031	0.717791411043	1.0	
26	30	0.038961038961	0.246753246753	0.681818181818	1.0	
26	31	0.0496894409938	0.291925465839	0.608695652174	1.0	
26	32	0.0275862068966	0.28275862069	0.551724137931	1.0	
26	33	0.0365853658537	0.310975609756	0.560975609756	1.0	
26	34	0.037037037037	0.302469135802	0.530864197531	1.0	
27	0	0.0193548387097	0.270967741935	0.445161290323	1.0	
27	1	0.0126582278481	0.227848101266	0.46835443038	1.0	
27	2	0.0361445783133	0.253012048193	0.44578313253	1.0	
27	3	0.0516129032258	0.206451612903	0.509677419355	1.0	
27	4	0.0347222222222	0.1875	0.569444444444	1.0	
27	5	0.101796407186	0.233532934132	0.634730538922	1.0	
27	6	0.0915032679739	0.222222222222	0.686274509804	1.0	
27	7	0.0952380952381	0.25	0.761904761905	1.0	
27	8	0.125	0.2375	0.81875	1.0	
27	9	0.19018404908	0.349693251534	0.815950920245	1.0	
27	10	0.202797202797	0.41958041958	0.853146853147	1.0	
27	11	0.217054263566	0.472868217054	0.875968992248	1.0	
27	12	0.191176470588	0.551470588235	0.911764705882	1.0	
27	13	0.272058823529	0.676470588235	0.889705882353	1.0	
27	14	0.323529411765	0.772058823529	0.897058823529	1.0	
27	15	0.336134453782	0.857142857143	0.932773109244	1.0	
27	16	0.314685314685	0.853146853147	0.93006993007	1.0	
27	17	0.253521126761	0.816901408451	0.929577464789	1.0	
27	18	0.276119402985	0.873134328358	0.94776119403	1.0	
27	19	0.348837209302	0.821705426357	0.93023255814	1.0	
27	20	0.21897810219	0.759124087591	0.948905109489	1.0	
27	21	0.220588235294	0.705882352941	0.919117647059	1.0	
27	22	0.255474452555	0.613138686131	0.912408759124	1.0	
27	23	0.220689655172	0.531034482759	0.868965517241	1.0	
27	24	0.25	0.439189189189	0.790540540541	1.0	
27	25	0.19014084507	0.366197183099	0.887323943662	1.0	
27	26	0.149350649351	0.324675324675	0.792207792208	1.0	
27	27	0.0979020979021	0.230769230769	0.769230769231	1.0	
27	28	0.115151515152	0.248484848485	0.648484848485	1.0	
27	29	0.0958904109589	0.22602739726	0.678082191781	1.0	
27	30	0.0569620253165	0.215189873418	0.537974683544	1.0	
27	31	0.0266666666667	0.186666666667	0.58	1.0	
27	32	0.0194805194805	0.194805194805	0.532467532468	1.0	
27	33	0.0170454545455	0.25	0.448863636364	1.0	
27	34	0.0202702702703	0.256756756757	0.472972972973	1.0	
28	0	0.0118343195266	0.14201183432	0.325443786982	1.0	
28	1	0.00574712643678	0.155172413793	0.350574712644	1.0	
28	2	0.0177514792899	0.230769230769	0.485207100592	1.0	
28	3	0.0454545454545	0.153409090909	0.511363636364	1.0	
28	4	0.012987012987	0.12987012987	0.532467532468	1.0	
28	5	0.0243902439024	0.103658536585	0.475609756098	1.0	
28	6	0.0609137055838	0.162436548223	0.593908629442	1.0	
28	7	0.0958904109589	0.260273972603	0.657534246575	1.0	
28	8	0.0927152317881	0.324503311258	0.741721854305	1.0	
28	9	0.138888888889	0.340277777778	0.819444444444	1.0	
28	10	0.131782945736	0.387596899225	0.813953488372	1.0	
28	11	0.177777777778	0.540740740741	0.896296296296	1.0	
28	12	0.208053691275	0.597315436242	0.89932885906	1.0	
28	13	0.165467625899	0.654676258993	0.913669064748	1.0	
28	14	0.104895104895	0.762237762238	0.93006993007	1.0	
28	15	0.185185185185	0.844444444444	0.940740740741	1.0	
28	16	0.169934640523	0.862745098039	0.921568627451	1.0	
28	17	0.233333333333	0.853333333333	0.946666666667	1.0	
28	18	0.184713375796	0.847133757962	0.891719745223	1.0	
28	19	0.181818181818	0.830303030303	0.933333333333	1.0	
28	20	0.16393442623	0.770491803279	0.885245901639	1.0	
28	21	0.144827586207	0.71724137931	0.91724137931	1.0	
28	22	0.181818181818	0.65034965035	0.902097902098	1.0	
28	23	0.224	0.536	0.832	1.0	
28	24	0.185714285714	0.471428571429	0.807142857143	1.0	
28	25	0.118055555556	0.270833333333	0.8125	1.0	
28	26	0.130718954248	0.267973856209	0.738562091503	1.0	
28	27	0.153846153846	0.288461538462	0.782051282051	1.0	
28	28	0.0958904109589	0.22602739726	0.575342465753	1.0	
28	29	0.0484848484848	0.157575757576	0.563636363636	1.0	
28	30	0.0932642487047	0.238341968912	0.585492227979	1.0	
28	31	0.0253164556962	0.139240506329	0.424050632911	1.0	
28	32	0.0124223602484	0.0993788819876	0.329192546584	1.0	
28	33	0.0110497237569	0.14364640884	0.408839779006	1.0	
28	34	0.0124223602484	0.167701863354	0.354037267081	1.0	
29	0	0.0116279069767	0.110465116279	0.337209302326	1.0	
29	1	0.0110497237569	0.104972375691	0.32044198895	1.0	
29	2	0.030487804878	0.140243902439	0.34756097561	1.0	
29	3	0.0402298850575	0.137931034483	0.419540229885	1.0	
29	4	0.0714285714286	0.155844155844	0.493506493506	1.0	
29	5	0.0824175824176	0.17032967033	0.494505494505	1.0	
29	6	0.118881118881	0.216783216783	0.559440559441	1.0	
29	7	0.0641025641026	0.147435897436	0.525641025641	1.0	
29	8	0.112582781457	0.291390728477	0.761589403974	1.0	
29	9	0.103703703704	0.4	0.822222222222	1.0	
29	10	0.0993377483444	0.370860927152	0.854304635762	1.0	
29	11	0.133333333333	0.555555555556	0.844444444444	1.0	
29	12	0.0878378378378	0.560810810811	0.858108108108	1.0	
29	13	0.133802816901	0.697183098592	0.901408450704	1.0	
29	14	0.16	0.766666666667	0.933333333333	1.0	
29	15	0.114093959732	0.771812080537	0.926174496644	1.0	
29	16	0.115646258503	0.863945578231	0.918367346939	1.0	
29	17	0.147651006711	0.879194630872	0.93288590604	1.0	
29	18	0.145569620253	0.898734177215	0.955696202532	1.0	
29	19	0.127819548872	0.84962406015	0.962406015038	1.0	
29	20	0.172185430464	0.867549668874	0.94701986755	1.0	
29	21	0.09375	0.675	0.88125	1.0	
29	22	0.152317880795	0.675496688742	0.900662251656	1.0	
29	23	0.0986842105263	0.526315789474	0.881578947368	1.0	
29	24	0.140845070423	0.5	0.845070422535	1.0	
29	25	0.0833333333333	0.314102564103	0.807692307692	1.0	
29	26	0.0915032679739	0.281045751634	0.718954248366	1.0	
29	27	0.0584795321637	0.19298245614	0.666666666667	1.0	
29	28	0.0769230769231	0.202797202797	0.545454545455	1.0	
29	29	0.0486486486486	0.118918918919	0.540540540541	1.0	
29	30	0.0588235294118	0.130718954248	0.503267973856	1.0	
29	31	0.00574712643678	0.14367816092	0.505747126437	1.0	
29	32	0.0335195530726	0.117318435754	0.36312849162	1.0	
29	33	0.0324675324675	0.142857142857	0.350649350649	1.0	
29	34	0.0192307692308	0.108974358974	0.269230769231	1.0	
30	0	0.0168539325843	0.0674157303371	0.219101123596	1.0	
30	1	0.0131578947368	0.0460526315789	0.203947368421	1.0	
30	2	0.0172413793103	0.0747126436782	0.316091954023	1.0	
30	3	0.0197368421053	0.0789473684211	0.328947368421	1.0	
30	4	0.0576923076923	0.192307692308	0.448717948718	1.0	
30	5	0.0245398773006	0.0736196319018	0.423312883436	1.0	
30	6	0.0520833333333	0.15625	0.515625	1.0	
30	7	0.0238095238095	0.14880952381	0.583333333333	1.0	
30	8	0.0416666666667	0.214285714286	0.577380952381	1.0	
30	9	0.0875912408759	0.350364963504	0.700729927007	1.0	
30	10	0.0958904109589	0.452054794521	0.712328767123	1.0	
30	11	0.102739726027	0.554794520548	0.849315068493	1.0	
30	12	0.0650406504065	0.560975609756	0.869918699187	1.0	
30	13	0.077380952381	0.72619047619	0.916666666667	1.0	
30	14	0.0576923076923	0.75	0.948717948718	1.0	
30	15	0.0277777777778	0.805555555556	0.9375	1.0	
30	16	0.0677966101695	0.920903954802	0.966101694915	1.0	
30	17	0.0636942675159	0.87898089172	0.968152866242	1.0	
30	18	0.102739726027	0.91095890411	0.945205479452	1.0	
30	19	0.0633802816901	0.866197183099	0.971830985915	1.0	
30	20	0.105590062112	0.819875776398	0.937888198758	1.0	
30	21	0.101351351351	0.77027027027	0.912162162162	1.0	
30	22	0.102189781022	0.671532846715	0.897810218978	1.0	
30	23	0.0863309352518	0.561151079137	0.812949640288	1.0	
30	24	0.0725806451613	0.467741935484	0.83064516129	1.0	
30	25	0.127388535032	0.312101910828	0.726114649682	1.0	
30	26	0.0759493670886	0.253164556962	0.645569620253	1.0	
30	27	0.0621118012422	0.27950310559	0.633540372671	1.0	
30	28	0.0738636363636	0.215909090909	0.568181818182	1.0	
30	29	0.0231213872832	0.132947976879	0.421965317919	1.0	
30	30	0.0253164556962	0.101265822785	0.411392405063	1.0	
30	31	0.0299401197605	0.11377245509	0.359281437126	1.0	
30	32	0.00917431192661	0.0596330275229	0.298165137615	1.0	
30	33	0.00571428571429	0.0857142857143	0.268571428571	1.0	
30	34	0.0263157894737	0.0855263157895	0.328947368421	1.0	
31	0	0.0104712041885	0.0680628272251	0.256544502618	1.0	
31	1	0.0	0.0732984293194	0.17277486911	1.0	
31	2	0.0109289617486	0.0546448087432	0.218579234973	1.0	
31	3	0.0157068062827	0.0523560209424	0.282722513089	1.0	
31	4	0.0180722891566	0.078313253012	0.33734939759	1.0	
31	5	0.0125786163522	0.0943396226415	0.358490566038	1.0	
31	6	0.0179640718563	0.131736526946	0.425149700599	1.0	
31	7	0.0469798657718	0.221476510067	0.523489932886	1.0	
31	8	0.0574712643678	0.304597701149	0.609195402299	1.0	
31	9	0.0519480519481	0.311688311688	0.584415584416	1.0	
31	10	0.0493827160494	0.401234567901	0.722222222222	1.0	
31	11	0.0625	0.520833333333	0.791666666667	1.0	
31	12	0.06875	0.6625	0.85625	1.0	
31	13	0.0470588235294	0.758823529412	0.864705882353	1.0	
31	14	0.0451612903226	0.8	0.954838709677	1.0	
31	15	0.0792682926829	0.884146341463	0.951219512195	1.0	
31	16	0.0581395348837	0.906976744186	0.953488372093	1.0	
31	17	0.0402298850575	0.885057471264	0.965517241379	1.0	
31	18	0.0419161676647	0.862275449102	0.946107784431	1.0	
31	19	0.0595238095238	0.869047619048	0.928571428571	1.0	
31	20	0.123376623377	0.850649350649	0.941558441558	1.0	
31	21	0.0733333333333	0.766666666667	0.906666666667	1.0	
31	22	0.0512820512821	0.666666666667	0.891025641026	1.0	
31	23	0.0552147239264	0.644171779141	0.865030674847	1.0	
31	24	0.031007751938	0.527131782946	0.77519379845	1.0	
31	25	0.0719424460432	0.309352517986	0.68345323741	1.0	
31	26	0.0514705882353	0.257352941176	0.588235294118	1.0	
31	27	0.0503144654088	0.176100628931	0.553459119497	1.0	
31	28	0.0457516339869	0.183006535948	0.457516339869	1.0	
31	29	0.0382165605096	0.140127388535	0.420382165605	1.0	
31	30	0.00595238095238	0.0892857142857	0.333333333333	1.0	
31	31	0.020942408377	0.0785340314136	0.267015706806	1.0	
31	32	0.0220994475138	0.0552486187845	0.265193370166	1.0	
31	33	0.0	0.0285714285714	0.165714285714	1.0	
31	34	0.0111111111111	0.0555555555556	0.144444444444	1.0	
32	0	0.00515463917526	0.0360824742268	0.134020618557	1.0	
32	1	0.0	0.015625	0.177083333333	1.0	
32	2	0.0	0.0374331550802	0.181818181818	1.0	
32	3	0.00961538461538	0.0721153846154	0.206730769231	1.0	
32	4	0.020942408377	0.0890052356021	0.282722513089	1.0	
32	5	0.030303030303	0.115151515152	0.315151515152	1.0	
32	6	0.0266666666667	0.146666666667	0.446666666667	1.0	
32	7	0.027027027027	0.283783783784	0.52027027027	1.0	
32	8	0.0308641975309	0.240740740741	0.549382716049	1.0	
32	9	0.0422535211268	0.429577464789	0.711267605634	1.0	
32	10	0.05	0.44375	0.70625	1.0	
32	11	0.0522875816993	0.581699346405	0.823529411765	1.0	
32	12	0.0337837837838	0.621621621622	0.844594594595	1.0	
32	13	0.0408163265306	0.748299319728	0.897959183673	1.0	
32	14	0.024	0.768	0.928	1.0	
32	15	0.0245398773006	0.895705521472	0.957055214724	1.0	
32	16	0.0114285714286	0.908571428571	0.954285714286	1.0	
32	17	0.0421686746988	0.927710843373	0.963855421687	1.0	
32	18	0.030303030303	0.927272727273	0.951515151515	1.0	
32	19	0.0188679245283	0.905660377358	0.943396226415	1.0	
32	20	0.0331491712707	0.812154696133	0.906077348066	1.0	
32	21	0.0429447852761	0.766871165644	0.938650306748	1.0	
32	22	0.0592105263158	0.730263157895	0.881578947368	1.0	
32	23	0.030303030303	0.606060606061	0.840909090909	1.0	
32	24	0.0414201183432	0.573964497041	0.810650887574	1.0	
32	25	0.0342465753425	0.431506849315	0.630136986301	1.0	
32	26	0.0062893081761	0.220125786164	0.522012578616	1.0	
32	27	0.0236686390533	0.218934911243	0.520710059172	1.0	
32	28	0.0402298850575	0.172413793103	0.385057471264	1.0	
32	29	0.0213903743316	0.101604278075	0.385026737968	1.0	
32	30	0.0253164556962	0.0886075949367	0.360759493671	1.0	
32	31	0.0114942528736	0.0632183908046	0.287356321839	1.0	
32	32	0.0125	0.03125	0.15	1.0	
32	33	0.00595238095238	0.0297619047619	0.178571428571	1.0	
32	34	0.00564971751412	0.0338983050847	0.141242937853	1.0	
33	0	0.0	0.0290697674419	0.127906976744	1.0	
33	1	0.0	0.0177514792899	0.147928994083	1.0	
33	2	0.00520833333333	0.0364583333333	0.182291666667	1.0	
33	3	0.0176470588235	0.0470588235294	0.182352941176	1.0	
33	4	0.0108108108108	0.0594594594595	0.264864864865	1.0	
33	5	0.0419161676647	0.101796407186	0.335329341317	1.0	
33	6	0.0359281437126	0.179640718563	0.467065868263	1.0	
33	7	0.0185185185185	0.222222222222	0.450617283951	1.0	
33	8	0.0125	0.275	0.5125	1.0	
33	9	0.0185185185185	0.432098765432	0.623456790123	1.0	
33	10	0.0290697674419	0.529069767442	0.761627906977	1.0	
33	11	0.0243902439024	0.567073170732	0.80487804878	1.0	
33	12	0.0189873417722	0.708860759494	0.841772151899	1.0	
33	13	0.0347222222222	0.777777777778	0.888888888889	1.0	
33	14	0.0552147239264	0.80981595092	0.926380368098	1.0	
33	15	0.0	0.879746835443	0.955696202532	1.0	
33	16	0.0186335403727	0.919254658385	0.975155279503	1.0	
33	17	0.0175438596491	0.906432748538	0.941520467836	1.0	
33	18	0.0384615384615	0.903846153846	0.942307692308	1.0	
33	19	0.00680272108844	0.877551020408	0.945578231293	1.0	
33	20	0.0236686390533	0.840236686391	0.923076923077	1.0	
33	21	0.0347222222222	0.784722222222	0.902777777778	1.0	
33	22	0.00641025641026	0.75	0.846153846154	1.0	
33	23	0.0141843971631	0.581560283688	0.751773049645	1.0	
33	24	0.0245398773006	0.447852760736	0.662576687117	1.0	
33	25	0.00526315789474	0.468421052632	0.7	1.0	
33	26	0.0149253731343	0.39552238806	0.574626865672	1.0	
33	27	0.0125	0.2375	0.5	1.0	
33	28	0.00645161290323	0.18064516129	0.438709677419	1.0	
33	29	0.0185185185185	0.141975308642	0.333333333333	1.0	
33	30	0.020618556701	0.0876288659794	0.262886597938	1.0	
33	31	0.0	0.0292397660819	0.152046783626	1.0	
33	32	0.0049504950495	0.029702970297	0.188118811881	1.0	
33	33	0.0112994350282	0.0282485875706	0.152542372881	1.0	
33	34	0.00534759358289	0.0267379679144	0.101604278075	1.0	
34	0	0.0	0.0155440414508	0.0880829015544	1.0	
34	1	0.00947867298578	0.0379146919431	0.132701421801	1.0	
34	2	0.0	0.0368098159509	0.116564417178	1.0	
34	3	0.0112359550562	0.061797752809	0.202247191011	1.0	
34	4	0.0121951219512	0.0731707317073	0.213414634146	1.0	
34	5	0.0166666666667	0.15	0.327777777778	1.0	
34	6	0.0	0.164021164021	0.359788359788	1.0	
34	7	0.0316455696203	0.246835443038	0.462025316456	1.0	
34	8	0.0193548387097	0.341935483871	0.548387096774	1.0	
34	9	0.0247933884298	0.380165289256	0.628099173554	1.0	
34	10	0.0175438596491	0.502923976608	0.72514619883	1.0	
34	11	0.0232558139535	0.593023255814	0.755813953488	1.0	
34	12	0.021164021164	0.767195767196	0.862433862434	1.0	
34	13	0.0179640718563	0.766467065868	0.898203592814	1.0	
34	14	0.0112359550562	0.887640449438	0.955056179775	1.0	
34	15	0.0160427807487	0.909090909091	0.957219251337	1.0	
34	16	0.0108695652174	0.91847826087	0.967391304348	1.0	
34	17	0.0120481927711	0.927710843373	0.969879518072	1.0	
34	18	0.0232558139535	0.918604651163	0.96511627907	1.0	
34	19	0.0182926829268	0.896341463415	0.951219512195	1.0	
34	20	0.0174418604651	0.866279069767	0.947674418605	1.0	
34	21	0.0184049079755	0.736196319018	0.834355828221	1.0	
34	22	0.02	0.666666666667	0.84	1.0	
34	23	0.00657894736842	0.638157894737	0.769736842105	1.0	
34	24	0.0184049079755	0.503067484663	0.699386503067	1.0	
34	25	0.0216216216216	0.405405405405	0.654054054054	1.0	
34	26	0.0	0.296052631579	0.559210526316	1.0	
34	27	0.0138888888889	0.243055555556	0.465277777778	1.0	
34	28	0.0197368421053	0.177631578947	0.368421052632	1.0	
34	29	0.0160427807487	0.144385026738	0.342245989305	1.0	
34	30	0.00561797752809	0.0674157303371	0.275280898876	1.0	
34	31	0.0123456790123	0.0555555555556	0.179012345679	1.0	
34	32	0.0	0.0246913580247	0.154320987654	1.0	
34	33	0.0248447204969	0.055900621118	0.16149068323	1.0	
34	34	0.0	0.0150753768844	0.0854271356784	1.0	
